Ref,Val,Package,PosX,PosY,Rot,Side
"C19","100n","C_0201_0603Metric_Square",1.110000,8.500000,0.000000,bottom
"C20","100n","C_0201_0603Metric_Square",17.520000,2.960000,-90.000000,bottom
"C21","100n","C_0201_0603Metric_Square",6.980000,8.740000,-90.000000,bottom
"C26","100n","C_0201_0603Metric_Square",2.825000,12.440000,0.000000,bottom
"C27","100n","C_0201_0603Metric_Square",4.400000,8.850000,90.000000,bottom
"C28","2u2","C_0402_1005Metric_Square",5.870000,12.040000,0.000000,bottom
"C34","22u","C_0603_1608Metric_Square",16.200000,2.980000,0.000000,bottom
"C35","10u","C_0603_1608Metric_Square",13.160000,5.520000,-90.000000,bottom
"D1","PESD5V0V1BDSF","D_0603_1608Metric_Square",3.070000,8.850000,0.000000,bottom
"D2","PESD5V0V1BDSF","D_0603_1608Metric_Square",3.100000,11.550000,0.000000,bottom
"D3","GREEN_LED","LED_0402_1005Metric",11.757500,11.000000,180.000000,bottom
"J2","2POS_FEMALE_1mm","BC075-02-A-L-A",0.795900,10.199999,90.000000,bottom
"Q1","NPN_TRANSISTOR","Npn_Transistor_TP5001P3",11.500000,9.925000,180.000000,bottom
"R1","100","R_0201_0603Metric_Square",18.285000,5.350000,180.000000,bottom
"R2","100","R_0201_0603Metric_Square",7.660000,7.150000,0.000000,bottom
"R3","22","R_0201_0603Metric_Square",1.140000,12.010000,0.000000,bottom
"R4","22","R_0201_0603Metric_Square",3.830000,8.130000,0.000000,bottom
"R5","100k","R_0201_0603Metric_Square",7.160000,11.575000,-90.000000,bottom
"R7","1M","R_0201_0603Metric_Square",19.810000,6.245000,-90.000000,bottom
"R8","1M","R_0201_0603Metric_Square",19.270000,6.250000,90.000000,bottom
"R9","1M","R_0201_0603Metric_Square",18.725000,6.255000,-90.000000,bottom
"R10","1k","R_0201_0603Metric_Square",12.850000,10.300000,180.000000,bottom
"R11","330","R_0201_0603Metric_Square",11.800000,8.725000,90.000000,bottom
"S1","PUSH_BTN","SW_PTS840GMSMTRLFS",15.520000,7.975000,0.000000,bottom
"TH1","Thermistor_NTC","R_0402_1005Metric_Square",11.850000,7.450000,0.000000,bottom
"U2","IM69D130_PDM","MIC_IM69D130V01XTSA1_PadFix",19.404983,2.905471,180.000000,bottom
"U3","IM69D130_PDM","MIC_IM69D130V01XTSA1_PadFix",8.989999,9.700001,0.000000,bottom
"U6","XCL210C12","XCL210C12",15.860000,4.680000,90.000000,bottom
